{"cameraMode":{"drawMode":0,"name":"Shaded","section":"Shading Mode"},"sceneLighting":true,"audioPlay":false,"sceneViewState":{"showFog":true,"showMaterialUpdate":false,"showSkybox":true,"showFlares":true,"showImageEffects":true,"showParticleSystems":true},"in2DMode":false,"pivot":{"x":-0.7846126556396484,"y":-0.9154815673828125,"z":0.22437477111816407},"rotation":{"x":0.22544431686401368,"y":0.449137419462204,"z":-0.11822979897260666,"w":0.856429934501648},"size":15.658462524414063,"orthographic":false}