{"cameraMode":{"drawMode":0,"name":"Shaded","section":"Shading Mode"},"sceneLighting":true,"audioPlay":false,"sceneViewState":{"showFog":true,"showMaterialUpdate":false,"showSkybox":true,"showFlares":true,"showImageEffects":true,"showParticleSystems":true},"in2DMode":false,"pivot":{"x":1.2484855651855469,"y":1.3388671875,"z":1.5661225318908692},"rotation":{"x":0.18122495710849763,"y":0.43260151147842409,"z":-0.08922386914491654,"w":0.8786652088165283},"size":9.680502891540528,"orthographic":true}